Model,F1,Positive Precision,Positive Recall,Negative Precision,Negative Recall
RandomForest,0.46118167484021144,0.9795918367346939,0.3310344827586207,0.7844444444444445,0.9971751412429378
SVC,0.10444444444444445,1.0,0.06206896551724138,0.7224489795918367,1.0
LogisticRegression,0.21262463343108506,0.9047619047619048,0.1310344827586207,0.7364016736401674,0.9943502824858758
MultinomialNB,0.42165934931892374,0.6024096385542169,0.3448275862068966,0.7716346153846154,0.9067796610169492
KNeighbors,0.05247311827956989,1.0,0.027586206896551724,0.7151515151515152,1.0
MLP,0.44531001589825114,0.6935483870967742,0.296551724137931,0.7665903890160183,0.9463276836158192
