Model,F1 Score,Accuracy,Positive Precision,Positive Recall,Negative Precision,Negative Recall,AUC,AUCPR
SciKit-Learn RandomForest,0.11655913978494623,0.7274343434343434,1.0,0.06206896551724138,0.7224489795918367,1.0,0.7925622701727606,0.7284316290279277
SciKit-Learn SVC,0.5151479405651421,0.8035757575757575,0.8983050847457628,0.36551724137931035,0.7909090909090909,0.9830508474576272,0.8224089363768821,0.7444054784634448
SciKit-Learn LogisticRegression,0.21262463343108506,0.7434343434343434,0.9047619047619048,0.1310344827586207,0.7364016736401674,0.9943502824858758,0.79452161243322,0.6942291429448926
SciKit-Learn MultinomialNB,0.42165934931892374,0.7434949494949494,0.6024096385542169,0.3448275862068966,0.7716346153846154,0.9067796610169492,0.7541788663012559,0.6111685664797173
SciKit-Learn KNeighbors,0.05247311827956989,0.7174141414141414,1.0,0.027586206896551724,0.7151515151515152,1.0,0.6781058766391452,0.4613566751845971
SciKit-Learn MLP,0.3373758467446175,0.7494949494949494,0.6923076923076923,0.2482758620689655,0.756152125279642,0.9548022598870056,0.7646485811420246,0.6409751789713338
